{"is_source_file": true, "format": "HTML", "description": "This is an HTML source file that defines the structure, style, and interactivity of a web-based database viewer UI, including elements for listing databases and tables, displaying table data, and handling user interactions.", "external_files": [], "external_methods": [], "published": [], "classes": [], "methods": [], "calls": ["fetchData('/api/databases')", "fetchData(`/api/${db}/tables`)", "fetchData(`/api/${db}/tables/${tableName}/data?limit=50`)", "showLoading()", "showError()", "showEmptyState()", "setActiveState()", "renderTable()", "renderCell()", "expandCell()", "loadDatabases()", "refreshDatabases()", "toggleDatabase()", "loadTables()", "loadTableData()"], "search-terms": ["HTML database viewer", "interactive web table", "client-side data rendering", "JavaScript table refresh", "dynamic table expansion", "CSS-styled data grid", "database list UI", "table data fetching", "responsive table layout"], "state": 2, "file_id": 5, "knowledge_revision": 13, "git_revision": "97380b40564e2c4e9cc7c54e59b2a1f46d59f5ae", "hash": "ee63333a4841bf025439c755a74c9881", "format-version": 4, "code-base-name": "core_database", "filename": "core_database/db_visualizer/public/index.html", "revision_history": [{"13": "97380b40564e2c4e9cc7c54e59b2a1f46d59f5ae"}]}