{"is_source_file": false, "format": "", "description": "", "external_files": [], "external_methods": [], "published": [], "classes": [], "methods": [], "calls": [], "search-terms": [], "state": 2, "file_id": 4, "knowledge_revision": 10, "git_revision": "97380b40564e2c4e9cc7c54e59b2a1f46d59f5ae", "hash": "0c9f36dfd1a6dee9fa952c06ab7d9563", "format-version": 4, "code-base-name": "core_database", "filename": "core_database/db_visualizer/package.json", "revision_history": [{"10": "97380b40564e2c4e9cc7c54e59b2a1f46d59f5ae"}]}