{"is_source_file": true, "format": "bash", "description": "A startup script for initializing and managing a PostgreSQL database server, including checks for existing instances, initialization, user and database setup, permissions, and environment configuration.", "external_files": ["/usr/lib/postgresql/", "/var/lib/postgresql/data/PG_VERSION", "db_connection.txt", "db_visualizer/postgres.env"], "external_methods": ["ls", "sudo", "pgrep", "sleep", "cat", "echo"], "published": [], "classes": [], "methods": [], "calls": ["ls", "sudo -u postgres pg_isready", "sudo -u postgres psql", "sudo -u postgres initdb", "sudo -u postgres postgres", "sudo -u postgres createdb", "sed", "cat"], "search-terms": ["PostgreSQL", "startup script", "db initialization", "database setup", "permissions setup", "psql commands", "pg_isready", "initdb", "pgrep", "bash script", "database permissions"], "state": 2, "file_id": 3, "knowledge_revision": 12, "git_revision": "97380b40564e2c4e9cc7c54e59b2a1f46d59f5ae", "hash": "fa2aa67ea0a7c72f7c0958282f15a864", "format-version": 4, "code-base-name": "core_database", "filename": "core_database/startup.sh", "revision_history": [{"12": "97380b40564e2c4e9cc7c54e59b2a1f46d59f5ae"}]}