{"is_source_file": false, "format": "", "description": "", "external_files": [], "external_methods": [], "published": [], "classes": [], "methods": [], "calls": [], "search-terms": [], "state": 2, "file_id": 2, "knowledge_revision": 9, "git_revision": "97380b40564e2c4e9cc7c54e59b2a1f46d59f5ae", "hash": "67505395c0df4c9c001ab8f47571f3fb", "format-version": 4, "code-base-name": "core_database", "filename": "core_database/restore_db.sh", "revision_history": [{"9": "97380b40564e2c4e9cc7c54e59b2a1f46d59f5ae"}]}