{"is_source_file": false, "format": "", "description": "", "external_files": [], "external_methods": [], "published": [], "classes": [], "methods": [], "calls": [], "search-terms": [], "state": 2, "file_id": 8, "knowledge_revision": 17, "git_revision": "94ecb4810db70ce81ba4a3e588db2c8619ac85a7", "hash": "4cae47d7e79de2044f2bc4b60593b59b", "format-version": 4, "code-base-name": "core_database", "filename": "core_database/README.md", "revision_history": [{"17": "94ecb4810db70ce81ba4a3e588db2c8619ac85a7"}]}