{"is_source_file": true, "format": "bash", "description": "A shell script for automatically detecting and backing up different types of databases (SQLite, PostgreSQL, MySQL, MongoDB). It checks which database is running and performs a backup accordingly, saving the backup to specific files.", "external_files": ["/usr/lib/postgresql/", "/var/run/mysqld/mysqld.sock"], "external_methods": ["ls", "sudo", "mysqladmin", "mysql", "mysqldump", "mongosh", "mongodump", "echo", "exit"], "published": [], "classes": [], "methods": [], "calls": ["ls", "sudo -u postgres pg_isready", "sudo mysqladmin ping", "mysqladmin ping", "mysql", "mysqldump", "mongosh", "mongodump", "echo", "exit"], "search-terms": ["backup_db.sh", "database backup script", "SQLite backup", "PostgreSQL backup", "MySQL backup", "MongoDB backup", "automated database detection", "database detection script"], "state": 2, "file_id": 1, "knowledge_revision": 14, "git_revision": "97380b40564e2c4e9cc7c54e59b2a1f46d59f5ae", "hash": "7af9aa35fa4940f934d83f6e2621b732", "format-version": 4, "code-base-name": "core_database", "filename": "core_database/backup_db.sh", "revision_history": [{"14": "97380b40564e2c4e9cc7c54e59b2a1f46d59f5ae"}]}